Country Name,Country Code,Indicator Name,Y2000,Y2001,Y2002,Y2003,Y2004,Y2005,Y2006,Y2007,Y2008,Y2009,Y2010,Y2011,Y2012,Y2013,Y2014,Y2015,Y2016,Y2017,Y2018,Y2019
Aruba,ABW,GDP per capita (current US$),20620.70063,20669.03197,20436.88713,20833.76161,22569.97499,23300.03956,24045.27248,25835.13267,27084.70369,24630.45371,23512.6026,24985.99328,24713.69805,26189.43551,26647.9381,27980.8807,28281.35048,29007.693,,
Afghanistan,AFG,GDP per capita (current US$),,,179.426611,190.6838143,211.3821169,242.0312849,263.7336917,359.6932375,364.6607448,438.0760344,543.3030419,591.162759,641.8714792,637.1655232,613.8566892,578.4663529,547.2281102,556.3020024,524.1628809,502.1154869
Angola,AGO,GDP per capita (current US$),556.8363181,527.3335285,872.4944916,982.9608993,1255.564045,1902.422346,2599.566464,3121.995637,4080.94141,3122.780766,3587.883798,4615.468028,5100.095808,5254.882338,5408.410496,4166.979684,3506.072885,4095.812942,3289.646664,2973.59116
Albania,ALB,GDP per capita (current US$),1126.683318,1281.659393,1425.124849,1846.118813,2373.579844,2673.787283,2972.743265,3595.037163,4370.540127,4114.140114,4094.350334,4437.142885,4247.629984,4413.060861,4578.631994,3952.801215,4124.055726,4531.020806,5284.380184,5352.857411
Andorra,AND,GDP per capita (current US$),21854.2468,22971.53554,25066.88221,32271.9639,37969.17499,40066.25692,42675.81276,47803.69361,48718.49687,43503.18552,40852.66678,43335.32886,38686.46126,39538.76672,41303.92937,35762.52307,37474.66541,38962.88035,41793.05526,40886.39116
Arab World,ARB,GDP per capita (current US$),2606.076582,2510.261947,2476.696029,2736.482119,3134.673534,3765.820496,4359.807963,4963.541521,6146.391727,5176.528324,5934.290684,6867.692047,7465.151651,7519.80826,7457.461109,6387.660615,6097.239025,6102.211067,6603.35119,6580.056257
United Arab Emirates,ARE,GDP per capita (current US$),33291.41937,31280.78428,31567.47371,33499.09375,36333.24984,39365.4339,41907.40566,41809.51638,44498.93423,32024.1816,33893.30351,39194.67662,40976.49971,42412.63028,43751.83889,38663.38381,38141.84676,40644.80404,43839.35635,43103.32306
Argentina,ARG,GDP per capita (current US$),7708.100996,7208.371567,2593.40415,3349.806124,4277.721351,5109.851325,5919.012037,7245.448317,9020.873098,8225.137176,10385.96443,12848.8642,13082.66433,13080.25473,12334.79825,13789.06042,12790.24247,14591.86338,11683.94962,10006.14897
Armenia,ARM,GDP per capita (current US$),622.7421391,694.4232277,783.2406986,930.1273219,1191.91902,1643.753029,2158.143697,3139.277499,4010.857243,2994.342544,3218.372707,3525.804747,3681.857456,3838.185801,3986.231624,3607.296697,3591.829276,3914.501268,4220.490277,4622.733493
American Samoa,ASM,GDP per capita (current US$),,,8700.067705,8856.547459,8578.944723,8444.9817,8391.561067,8909.449156,9792.666806,11961.25823,10271.22452,10294.30227,11568.793,11505.39371,11507.23235,11843.33118,11696.95556,10823.4448,11466.69071,
Antigua and Barbuda,ATG,GDP per capita (current US$),10920.84269,10370.67113,10404.43621,10789.95096,11446.63847,12547.61304,13989.71567,15607.08987,16024.34555,14113.07726,13049.25705,12746.20502,13272.44133,12909.74418,13501.58092,14286.09316,15197.61746,15383.41519,16726.98081,17790.30931
Australia,AUS,GDP per capita (current US$),21679.24784,19490.86111,20082.48327,23447.031,30430.67644,33999.24286,36044.92281,40960.05449,49601.65671,42772.35917,52022.1256,62517.83375,68012.1479,68150.10704,62510.79117,56755.72171,49971.13146,54066.47127,57395.91947,54907.10191
Austria,AUT,GDP per capita (current US$),24564.45829,24537.51426,26401.74546,32222.89724,36821.52147,38403.13388,40635.28182,46855.77175,51708.76575,47963.1794,46858.04327,51374.95841,48567.69529,50716.70871,51717.49594,44178.04738,45237.80509,47549.07904,51525.04643,50277.27509
Azerbaijan,AZE,GDP per capita (current US$),655.0974326,703.6838434,763.080638,883.6439965,1045.009379,1578.40239,2473.081819,3851.437869,5574.603802,4950.294791,5842.805784,7189.691229,7496.294648,7875.756953,7891.313147,5500.310382,3880.738731,4147.089716,4739.84171,4793.58702
Burundi,BDI,GDP per capita (current US$),136.4639708,134.3634475,123.117628,113.5673664,128.3366128,151.6814634,167.3764845,172.4958599,198.3529006,212.1368804,234.2356469,249.5779794,252.3589799,256.9760028,274.8579479,305.5497728,282.1931304,292.9976307,271.7520444,261.2474725
Belgium,BEL,GDP per capita (current US$),23041.53473,22995.15752,24887.56133,30587.66841,35364.37533,36795.97688,38672.70594,44262.896,48106.89292,44583.54481,44141.87814,47348.52502,44673.11588,46744.66254,47700.54036,40991.80814,41998.33575,44288.50804,47491.32326,46116.69923
Benin,BEN,GDP per capita (current US$),511.400227,517.6142296,572.2287954,709.6905332,797.31268,822.4578309,855.2940392,964.926944,1120.888273,1084.3939,1036.533952,1130.273132,1145.140811,1251.210518,1291.409808,1076.797716,1087.287832,1136.592847,1240.829464,1219.432672
Burkina Faso,BFA,GDP per capita (current US$),254.7175291,266.8641557,293.2807467,373.7876294,417.6270637,457.7515455,473.0291849,534.3558864,640.8108774,621.6731034,647.8358465,751.1729572,758.0007014,787.4701763,792.8467784,653.3269795,687.670175,738.2741589,820.1607938,774.8396902
Bangladesh,BGD,GDP per capita (current US$),418.0689683,415.0344266,413.0802546,446.3106592,475.2919198,499.4619402,509.6401429,558.0518603,634.9870565,702.26441,781.1535936,861.7584443,883.1050005,981.8398792,1118.853663,1248.453398,1401.620466,1563.913857,1698.350394,1855.739824
Bulgaria,BGR,GDP per capita (current US$),1621.242961,1770.913534,2092.957694,2719.497656,3389.707049,3899.907638,4523.050833,5885.104348,7265.735497,6984.965976,6809.898984,7806.348652,7393.189177,7651.817881,7874.260904,7053.603706,7545.790332,8331.058025,9423.558612,9737.601351
Bahrain,BHR,GDP per capita (current US$),13636.39623,12868.26916,13049.80322,14222.0368,15846.54414,17959.25544,19307.60966,20976.54353,23066.53376,19355.90467,20722.13729,22514.23795,23654.35139,24744.29696,24989.40012,22688.9444,22619.11667,23709.43047,23991.05668,23503.97713
"Bahamas, The",BHS,GDP per capita (current US$),27097.61081,27486.23677,28866.80101,28327.27087,28395.92466,30278.36692,30713.70528,31472.09897,30627.23863,28552.19048,28443.40766,28006.37972,29485.62093,28768.02989,29445.03053,31405.96356,31588.835,31827.2427,32217.87159,32933.48601
Bosnia and Herzegovina,BIH,GDP per capita (current US$),1467.776477,1530.814816,1769.199828,2224.745864,2814.999895,2980.602109,3416.510596,4193.373652,5090.932345,4714.702495,4635.517779,5092.551943,4778.636088,5131.394506,5329.635045,4727.277546,4994.68314,5394.59122,6072.180992,6073.265203
Belarus,BLR,GDP per capita (current US$),1276.288034,1244.373185,1479.314583,1819.766059,2378.623286,3125.810535,3847.434124,4735.657608,6377.369732,5351.355382,6029.3968,6519.230195,6940.159254,7978.872615,8318.51269,5949.106307,5022.626643,5761.74712,6330.075246,6663.295293
Belize,BLZ,GDP per capita (current US$),3364.332936,3404.453017,3525.638583,3650.366521,3802.295808,3883.192389,4153.894738,4252.48725,4404.330836,4186.489965,4270.864345,4423.489797,4505.621302,4568.502958,4705.60269,4775.955648,4818.403909,4887.577208,4884.734162,4815.163711
Bermuda,BMU,GDP per capita (current US$),56284.16865,58883.95943,62583.1002,66111.72523,70359.31911,75882.03386,83912.6978,90849.58698,93605.74817,88463.31282,88207.32756,85973.15842,85458.45551,85748.06541,,,,,,
Bolivia,BOL,GDP per capita (current US$),997.5824599,948.8712066,904.2266273,907.5371101,967.406992,1034.31124,1218.874459,1372.628225,1715.208922,1754.211061,1955.461557,2346.33717,2609.880819,2908.200085,3081.878834,3035.972215,3076.658949,3351.12404,3548.590153,3552.068762
Brazil,BRA,GDP per capita (current US$),3749.75325,3156.798718,2829.283192,3070.910491,3637.462389,4790.437088,5886.463588,7348.030794,8831.023117,8597.915352,11286.24302,13245.6125,12370.0242,12300.32488,12112.58821,8814.000987,8710.09669,9925.386238,9001.234249,8717.186278
Barbados,BRB,GDP per capita (current US$),11268.25406,11209.17431,11361.43367,11699.45576,12512.53251,13822.59168,15199.45797,16770.72121,17092.58214,15885.57971,16056.37098,16458.35321,16249.55939,16451.16358,16489.07224,16525.07325,16900.16655,17391.42587,17745.19346,18148.24493
Brunei Darussalam,BRN,GDP per capita (current US$),18012.55626,16472.14862,16850.15113,18560.60857,21902.08805,26105.27903,30979.87917,32663.56659,37934.37651,27955.71386,35269.55311,47055.84112,47740.5149,44740.08502,41726.78397,31164.56203,27157.82341,28572.14678,31628.32879,31086.75108
Bhutan,BTN,GDP per capita (current US$),718.1878307,764.4366074,845.5102798,962.0969037,1068.421776,1228.441824,1330.965297,1757.182567,1828.149233,1819.213401,2258.183141,2563.257527,2538.9459,2472.714309,2652.214589,2752.664208,2930.562989,3286.574703,3243.231126,
Botswana,BWA,GDP per capita (current US$),3522.308678,3278.00825,3190.615453,4330.9449,5073.53765,5520.12472,5516.03921,5832.733942,5713.534983,5255.768461,6434.815657,7617.325094,7070.37655,7224.965172,7780.638385,6799.875234,7243.852997,7893.210108,8279.601365,7961.33814
Central African Republic,CAF,GDP per capita (current US$),251.2068774,250.3570114,260.7455273,293.6618517,320.7374603,331.1629242,354.6713801,404.373965,464.5614221,474.7054087,488.4214018,551.7500966,565.800697,380.2981676,424.4487513,377.4230017,402.1912906,450.900245,475.9536099,467.9074406
Canada,CAN,GDP per capita (current US$),24190.24962,23738.18072,24169.28473,28200.65808,32034.30774,36266.18712,40385.86996,44543.04104,46594.45095,40773.06153,47448.01322,52087.44638,52678.39012,52652.59368,50893.44671,43585.51198,42322.48478,45148.55271,46313.17137,46194.72523
Central Europe and the Baltics,CEB,GDP per capita (current US$),3942.43818,4347.276316,4929.760469,5936.20961,7164.803283,8347.82284,9468.425951,12004.03179,14576.99141,12293.39198,12576.04184,13889.38578,13015.82872,13718.09775,14161.9073,12493.71382,12792.51412,14198.12986,15966.66834,16184.33201
Switzerland,CHE,GDP per capita (current US$),37868.32306,38538.99005,41376.39399,48087.58314,53340.14766,54952.67372,57579.50195,63555.2375,72487.84593,69927.46877,74605.72102,88415.62806,83538.23008,85112.4644,86605.56338,82081.59712,80172.23207,80449.99456,82818.10816,81993.72715
Channel Islands,CHI,GDP per capita (current US$),43381.65784,41804.37092,44544.43344,48859.48302,56753.3862,58197.44938,63239.65383,74462.64675,,,,,,,,,,,,
Chile,CHL,GDP per capita (current US$),5074.901624,4574.594421,4446.250505,4772.56282,6194.853107,7598.525121,9464.550243,10502.35452,10751.47967,10208.90676,12808.03459,14637.24024,15351.55133,15842.94081,14670.99676,13574.17183,13753.59444,14999.37009,15924.79424,14896.45387
China,CHN,GDP per capita (current US$),959.3724836,1053.108243,1148.50829,1288.643252,1508.668098,1753.417829,2099.229435,2693.969827,3468.304463,3832.235952,4550.453596,5618.132491,6316.918863,7050.64592,7678.599432,8066.942424,8147.938148,8879.438149,9976.676822,10261.67913
Cote d'Ivoire,CIV,GDP per capita (current US$),651.3059068,664.1276663,716.5302656,869.7125993,921.2012673,930.8298181,949.1318328,1061.154026,1235.613366,1210.295426,1213.112645,1208.583026,1243.273487,1415.871758,1561.463655,1972.546108,2013.382462,2111.027076,2302.612951,2286.162777
Cameroon,CMR,GDP per capita (current US$),649.9918454,651.1009075,707.8875674,865.9581375,1009.94312,1011.880073,1062.137433,1194.06985,1371.746708,1314.706015,1286.515572,1405.094392,1354.545613,1465.638843,1542.620266,1327.503017,1364.33011,1425.107818,1534.491274,1497.909176
"Congo, Dem. Rep.",COD,GDP per capita (current US$),405.216253,153.5910092,175.0099651,173.7961353,194.0399624,218.3861908,255.4330838,286.3304921,327.5637218,298.6196821,334.0215726,387.0824654,424.6003861,457.9637283,486.7870819,497.3169608,471.3188404,467.0742375,557.0644183,545.2162123
"Congo, Rep.",COG,GDP per capita (current US$),1029.577037,868.3399509,912.2781532,1026.107674,1324.219142,1680.204588,2064.344523,2165.745759,2956.264407,2314.266025,2812.435974,3286.694535,3032.493883,3047.930773,2996.918026,1762.032018,1815.295843,1767.894521,2223.854479,2011.072399
Colombia,COL,GDP per capita (current US$),2520.480898,2439.681836,2396.627274,2281.40196,2782.62305,3414.465833,3741.093171,4714.072541,5472.536133,5193.241451,6336.709214,7335.11051,8050.058414,8218.033996,8114.084069,6175.876132,5871.223575,6377.851363,6718.585324,6432.387583
Comoros,COM,GDP per capita (current US$),645.8186908,680.3185414,744.4751724,935.611518,1059.176884,1068.600321,1113.957757,1238.461514,1387.594626,1339.337191,1316.498848,1447.963587,1403.34862,1505.349473,1513.830379,1242.60319,1273.058953,1323.81159,1415.955313,1393.522372
Cabo Verde,CPV,GDP per capita (current US$),1259.323656,1292.202785,1401.903733,1809.089925,2024.275248,2099.157484,2361.385134,3186.826892,3721.250949,3517.401245,3378.25486,3740.389099,3447.524041,3615.979041,3588.674054,3043.013984,3130.963385,3292.645755,3617.327488,3603.781794
Costa Rica,CRI,GDP per capita (current US$),3772.870012,3944.737613,4024.6519,4129.632791,4385.390719,4654.824822,5201.514095,6071.789165,6859.079022,6760.477515,8141.913127,9121.932518,9913.209959,10490.08133,10547.15186,11299.13554,11666.45591,11814.62657,12112.13442,12238.37496
Caribbean small states,CSS,GDP per capita (current US$),5252.809735,5374.137198,5599.154459,5943.610645,6459.368502,7253.537344,8061.230996,8913.791951,10059.83315,8411.007673,9086.894793,9762.053463,10017.38359,10140.16594,10202.27477,9939.801206,9384.914524,9557.517493,9982.268089,10307.58628
Cuba,CUB,GDP per capita (current US$),2747.098575,2837.738018,2999.245244,3197.133754,3395.71205,3786.664795,4683.566155,5208.716073,5411.271418,5529.67036,5730.354775,6139.71933,6497.321113,6837.712892,7133.342095,7694.01192,8060.795886,8541.210673,8821.818891,
Curacao,CUW,GDP per capita (current US$),,,,,,,,,,,,20146.38641,20587.39736,20462.71795,20258.00969,19951.3279,19555.36585,19457.53152,19573.89265,
Cayman Islands,CYM,GDP per capita (current US$),,,,,,,83322.78344,85434.26817,85187.84024,77398.01584,73350.78482,72328.41164,72783.32044,73515.89532,74990.43322,76280.48625,78296.09993,81124.51348,85477.28701,
Cyprus,CYP,GDP per capita (current US$),14388.34806,14821.44682,16093.21461,20252.23898,23792.62136,24959.25917,26729.3234,31244.92622,35397.36368,32109.24251,31023.63833,32396.38574,28912.15694,27729.1927,27129.62612,23333.71491,24532.51906,26338.69434,28689.70672,27858.371
Czech Republic,CZE,GDP per capita (current US$),6011.61522,6609.20553,8032.896612,9773.117503,11685.88724,13346.17639,15183.63605,18373.649,22698.85396,19741.59763,19808.07109,21717.45794,19729.87051,19916.01939,19744.55861,17715.61685,18463.38658,20379.89604,23046.94913,23101.7777
Germany,DEU,GDP per capita (current US$),23635.92922,23607.88286,25077.72908,30243.57653,34044.05363,34507.36881,36323.44774,41587.2129,45427.15168,41485.90165,41531.9342,46644.77603,43858.36306,46285.76407,47959.99327,41139.54457,42098.92045,44349.58966,47639.00344,46258.87829
Djibouti,DJI,GDP per capita (current US$),768.1760767,780.9082226,791.3894782,818.8666298,863.2316123,904.7297489,967.6686229,1052.725652,1223.856861,1267.312801,1343.26873,1451.54298,1559.240651,2312.728803,2464.327841,2658.978753,2802.197051,2914.383856,3141.889219,3408.846254
Dominica,DMA,GDP per capita (current US$),4787.780171,4883.723663,4771.040927,4897.44175,5217.230416,5160.224314,5518.399108,5952.056669,6469.145738,6902.85717,6967.266654,7065.061847,6848.394227,7016.676471,7318.103783,7596.435062,8080.968623,7274.721333,7691.345097,8300.375074
Denmark,DNK,GDP per capita (current US$),30743.54768,30751.65435,33228.69354,40458.7774,46511.59833,48799.8256,52026.99951,58487.05497,64322.0635,58163.27688,58041.39844,61753.64713,58507.50805,61191.1937,62548.98473,53254.856,54663.99837,57141.05984,61390.69301,59822.09296
Dominican Republic,DOM,GDP per capita (current US$),2869.105861,2977.148428,3136.155187,2445.435893,2528.577199,3970.32284,4134.683785,4707.792532,5087.985365,5039.402596,5555.389722,5913.432072,6110.369652,6238.133608,6608.828102,6921.517228,7280.880109,7609.338799,8050.63044,8282.116222
Algeria,DZA,GDP per capita (current US$),1764.97383,1740.642423,1781.837365,2103.413058,2609.945608,3113.101094,3478.654871,3950.519369,4923.629265,3883.261271,4480.799271,5455.853529,5592.257099,5499.581487,5493.02559,4177.892515,3946.443977,4044.2766,4114.715061,3948.343279
East Asia & Pacific (excluding high income),EAP,GDP per capita (current US$),956.6720981,1008.368263,1106.279813,1241.632528,1428.057728,1640.960056,1961.132965,2461.094187,3091.073283,3327.851534,4005.488963,4858.581874,5378.84239,5891.457766,6306.328414,6522.674364,6612.248471,7173.398308,7971.137515,8222.07773
Early-demographic dividend,EAR,GDP per capita (current US$),1336.999304,1300.562379,1241.895696,1358.496792,1552.336306,1780.271725,2003.737176,2338.724497,2595.773601,2460.736569,2944.925795,3252.888306,3362.382791,3373.30668,3444.087951,3297.405256,3328.524055,3548.288051,3582.002227,3641.494281
East Asia & Pacific,EAS,GDP per capita (current US$),4052.343379,3736.2279,3765.784419,4108.71312,4574.633268,4848.234538,5105.557388,5672.542598,6498.487645,6647.743114,7697.992805,8861.458466,9420.497882,9466.235452,9703.284026,9598.278555,9857.980865,10467.70219,11316.76045,11526.73649
Europe & Central Asia (excluding high income),ECA,GDP per capita (current US$),1790.954858,1770.454464,2026.546064,2553.074991,3381.530203,4269.885041,5229.663859,6709.636366,8284.804299,6466.589968,7780.766654,9611.536804,10189.22398,10729.40774,9897.827942,7461.211702,7043.481347,7863.679049,8013.860708,8110.721448
Europe & Central Asia,ECS,GDP per capita (current US$),11645.97473,11759.67881,12832.26396,15581.57769,18109.43336,19222.374,20752.63467,24159.81646,26415.00853,23138.56059,23604.68119,26109.25901,25068.32812,26071.85206,26301.08299,22551.60089,22371.68239,23597.42401,25171.42597,24696.33961
Ecuador,ECU,GDP per capita (current US$),1445.279324,1894.615169,2172.101877,2425.851842,2691.278081,3002.136867,3328.882972,3567.836438,4249.019262,4231.615798,4633.590358,5200.55579,5682.045007,6056.330827,6377.09153,6124.491643,6060.093329,6213.501276,6295.935399,6183.823825
"Egypt, Arab Rep.",EGY,GDP per capita (current US$),1450.476242,1391.707846,1228.937975,1138.664673,1063.003663,1187.51969,1398.190624,1667.843721,2044.527855,2329.23948,2644.817039,2791.954962,3232.648892,3264.378787,3378.831358,3598.970948,3525.020165,2440.510173,2549.132252,3020.03135
Euro area,EMU,GDP per capita (current US$),20165.78053,20432.38765,22109.18431,27134.7873,30948.71876,31936.04537,33767.09252,38666.73429,42177.82092,38423.21376,37567.13056,40613.87428,37598.04226,39102.91309,39857.29176,34381.55479,35142.31547,37095.12027,39965.84033,38925.66511
Eritrea,ERI,GDP per capita (current US$),308.1337836,316.82382,293.9557909,334.5854429,407.7699765,388.5951226,415.0365994,439.8326905,450.6328403,595.1099872,501.3556333,642.5076591,,,,,,,,
Spain,ESP,GDP per capita (current US$),14713.06571,15355.70317,17025.53198,21463.44266,24861.2828,26419.29686,28365.31349,32549.97098,35366.2596,32042.47408,30502.71971,31636.44631,28324.42934,29059.54795,29461.55033,25732.01836,26505.34322,28170.43457,30337.67913,29613.67114
Estonia,EST,GDP per capita (current US$),4075.970639,4509.17846,5344.877798,7206.16648,8912.992195,10406.39688,12631.56777,16741.93912,18227.12008,14794.97079,14790.82122,17621.54744,17534.42154,19174.10073,20367.10266,17522.23019,18237.29584,20388.20955,23258.46758,23659.87229
Ethiopia,ETH,GDP per capita (current US$),124.4608003,120.765782,111.9272235,119.490391,136.4662556,162.4327265,194.6874305,244.2860372,326.4368267,380.5690479,341.5541149,354.4795758,467.0779272,499.5315721,566.9264665,640.5418913,717.1245929,768.5223076,771.5238139,857.501351
European Union,EUU,GDP per capita (current US$),16908.72319,17183.62084,18680.55992,22920.89365,26262.06785,27330.99365,29068.60434,33549.52344,36912.06494,33359.78899,32931.63812,35716.27366,33158.79141,34564.11251,35243.20737,30473.74026,31162.69639,33029.98795,35659.75715,34843.29747
Fragile and conflict affected situations,FCS,GDP per capita (current US$),810.5479232,782.3364631,732.664518,761.7310151,924.0501368,1126.863822,1366.903598,1623.020291,2042.508216,1878.714288,2205.098612,2186.971155,2457.000322,2523.042763,2710.812193,2341.686509,2049.27473,2030.056919,2148.379174,2190.311626
Finland,FIN,GDP per capita (current US$),24285.46682,24946.18919,26869.6749,32855.13263,37702.84538,39040.28888,41188.0937,48414.84509,53554.03892,47293.99283,46459.97325,51081.99767,47710.79022,49878.04324,50260.29986,42784.69836,43784.28396,46316.74546,50021.29106,48685.85399
Fiji,FJI,GDP per capita (current US$),2076.568784,2039.625697,2260.258398,2837.892246,3334.931667,3659.579329,3747.860716,4072.10157,4167.670285,3362.816555,3652.527437,4371.45751,4591.555784,4840.693716,5605.570331,5390.745237,5651.318066,6101.030843,6266.967959,6220.046421
France,FRA,GDP per capita (current US$),22364.02939,22433.55571,24177.33517,29568.38595,33741.26515,34760.18777,36443.62344,41508.43399,45334.11444,41575.41875,40638.334,43790.73205,40874.70351,42592.93409,43011.2631,36638.18493,37037.37419,38812.16103,41631.09074,40493.92857
Faroe Islands,FRO,GDP per capita (current US$),22653.31605,24419.74244,26732.79047,31497.96692,35467.17547,36205.37054,41522.54386,47885.69888,50866.0811,47447.87004,48530.23385,52083.88914,49459.71723,54853.6256,59440.03076,52404.65933,55822.91472,58622.84082,,
"Micronesia, Fed. Sts.",FSM,GDP per capita (current US$),2171.950243,2248.429175,2265.880594,2295.889655,2253.092614,2358.280018,2406.182916,2458.611313,2541.408883,2721.870357,2885.445676,3009.198647,3131.386715,2994.679304,2971.45729,2906.376785,3014.700358,3289.701146,3568.291016,
Gabon,GAB,GDP per capita (current US$),4125.716664,3989.556606,4121.958645,4922.376526,5729.296958,6888.627147,7214.914544,8447.078591,10212.81943,7690.052235,8849.3553,10809.64645,9813.477703,9683.57629,9663.42924,7384.71587,6984.451019,7230.396393,7956.627816,7667.366861
United Kingdom,GBR,GDP per capita (current US$),28149.87001,27744.50646,30056.58622,34419.14791,40290.31397,42030.28661,44599.69757,50566.8266,47286.99849,38713.13743,39435.8399,42038.57225,42462.77157,43444.533,47425.60768,44974.83188,41064.13343,40361.41738,43043.22782,42300.26713
Georgia,GEO,GDP per capita (current US$),749.9085236,801.9904139,853.5164537,1010.00798,1305.047486,1642.760938,1996.057129,2635.353882,3324.735879,2822.66743,3233.295943,4021.743306,4421.818242,4623.745725,4739.188338,4014.185944,4062.169888,4357.000936,4722.787783,4769.186543
Ghana,GHA,GDP per capita (current US$),258.4709595,269.0149984,304.5645608,367.8215216,417.5081649,491.9463779,911.9986756,1078.160509,1210.622257,1074.75538,1299.344949,1549.462902,1587.561237,2345.392906,1971.033347,1743.850996,1931.38947,2025.932424,2202.312164,2202.115567
Gibraltar,GIB,GDP per capita (current US$),,,,,,,,,,,,,,,,,,,,
Guinea,GIN,GDP per capita (current US$),363.482479,336.6300919,343.5373419,393.7399293,410.7612161,322.4156816,453.4035185,659.992723,715.0968204,674.0855502,672.4244026,651.1353635,717.0507379,769.0039433,787.2380702,769.2560137,732.9665707,856.5652698,983.3094922,1064.131237
"Gambia, The",GMB,GDP per capita (current US$),594.151643,505.4201497,411.7724804,335.906217,642.7549298,665.7219407,662.362461,780.3800991,924.5115164,833.2804027,860.6378737,762.7610541,742.7811378,700.514972,607.4284041,649.5108294,683.9976539,676.6559246,712.5123711,751.2946884
Guinea-Bissau,GNB,GDP per capita (current US$),308.1441193,319.6774918,331.4938718,371.2198274,404.3491366,436.3020197,429.6222659,493.0704969,597.5763927,557.1716148,557.6321326,702.7428804,616.4116862,634.482446,622.4817167,603.1585129,661.0076549,736.7255662,777.9699218,697.7844029
Equatorial Guinea,GNQ,GDP per capita (current US$),1725.554738,2313.151289,2744.208156,3618.576094,6152.131238,10963.28936,12857.33605,15908.39183,22942.58345,16667.93682,17288.8596,21641.87052,21711.15323,20390.71932,19394.02999,11283.46561,9250.331953,9667.912252,10144.19581,8131.923888
Greece,GRC,GDP per capita (current US$),12042.95373,12538.17883,14110.31339,18477.57841,21955.10409,22551.73574,24801.15781,28827.32636,31997.28201,29710.9703,26917.75898,25916.29353,22242.68193,21874.8195,21760.9798,18167.77372,18116.45962,18930.21859,20324.30501,19582.53601
Grenada,GRD,GDP per capita (current US$),5057.173965,5040.670468,5213.896269,5682.5961,5741.598633,6644.02496,6658.540847,7212.506822,7832.423352,7290.6971,7257.756622,7291.058897,7444.504768,7789.776381,8369.886755,9096.870646,9628.347487,10152.83281,10485.90716,10965.51316
Greenland,GRL,GDP per capita (current US$),19004.10729,19275.47334,20652.87833,27459.76278,32023.45221,32489.78191,35458.12312,39780.95144,44367.05565,44918.56488,43988.33249,47186.98147,45936.76595,47535.58995,50484.92757,44536.40131,48181.87419,50321.36875,54470.95639,
Guatemala,GTM,GDP per capita (current US$),1664.298958,1575.428557,1710.341468,1765.351677,1889.691824,2101.541818,2287.935715,2531.20608,2848.50316,2695.221264,2898.942215,3281.667502,3408.784916,3522.773698,3779.642328,3994.636913,4173.301666,4451.45099,4472.892363,4619.987097
Guam,GUM,GDP per capita (current US$),,,21536.36688,22572.0753,24395.79762,26495.87758,26555.6452,27542.22617,29056.31429,30026.50321,30700.43401,30859.40435,32494.56236,33265.38119,34394.09748,35278.92594,35562.83791,35615.80463,35712.56214,
Guyana,GUY,GDP per capita (current US$),954.4041525,955.6653806,974.9491933,997.2100346,1056.423886,1105.496454,1954.133308,2331.200342,2566.887085,2756.819889,3033.247725,3425.436441,3788.146749,3934.865262,4031.600662,4166.128516,4542.622067,4586.054572,4979.002188,5468.356629
High income,HIC,GDP per capita (current US$),25102.87696,24717.11664,25605.89658,28529.97621,31558.43266,33172.20055,34797.80678,37807.87106,39888.60952,37123.94591,38650.14499,41536.18271,41343.83883,41628.48055,42293.54451,39730.91955,40332.26339,41971.23735,44351.03906,44540.39409
"Hong Kong SAR, China",HKG,GDP per capita (current US$),25756.66378,25230.21633,24665.89,23977.01945,24928.10037,26649.7508,28224.21506,30594.01784,31515.66277,30697.34038,32549.99823,35142.48793,36730.8767,38403.77771,40315.28556,42431.88828,43731.10682,46165.85651,48542.88733,48755.83508
Honduras,HND,GDP per capita (current US$),1080.462129,1120.552212,1122.063942,1145.497561,1204.476619,1296.695959,1420.136121,1572.065504,1727.827701,1789.706651,1904.346465,2088.3153,2144.342611,2102.593166,2206.051934,2302.201379,2342.584651,2453.727896,2505.776752,2574.912191
Heavily indebted poor countries (HIPC),HPC,GDP per capita (current US$),351.6044066,326.6373588,341.6989738,378.2688913,422.8004334,467.8116855,541.2781946,629.2276633,739.0828424,728.302897,779.1447554,840.1037469,862.6179163,937.5807608,962.9292205,927.4845955,897.4932554,929.4107113,955.5189073,947.0612336
Croatia,HRV,GDP per capita (current US$),4849.534223,5391.091591,6233.053682,8060.257162,9662.775968,10530.21991,11703.33789,13962.84757,16309.43901,14555.99645,13923.62858,14566.63847,13238.10193,13642.19366,13600.19439,11782.89908,12360.48382,13412.33829,14920.19138,14853.23984
Haiti,HTI,GDP per capita (current US$),467.1475588,417.762646,396.6338208,332.6147785,391.0346157,468.7572696,508.9688066,619.8127742,678.8447898,672.0369979,665.6274195,744.2174268,769.749381,815.8200152,831.8739489,815.7282844,735.3017703,765.7272943,868.3420248,754.5879177
Hungary,HUN,GDP per capita (current US$),4624.281657,5276.033189,6655.333009,8421.103313,10285.79363,11200.57695,11475.82271,13918.96019,15753.47328,13046.48101,13113.52596,14150.96673,12918.24752,13687.2461,14246.1098,12651.56834,12992.37567,14457.60876,16150.77276,16475.74184
IBRD only,IBD,GDP per capita (current US$),1457.24254,1462.115965,1469.080452,1636.092968,1926.081069,2279.136511,2675.424485,3292.33179,3914.321957,3759.662481,4520.586656,5287.113108,5566.795982,5823.532083,5965.913145,5581.205514,5571.601027,6091.709777,6451.685682,6564.920147
IDA & IBRD total,IBT,GDP per capita (current US$),1239.248535,1237.697866,1245.447989,1382.979187,1621.566275,1909.04944,2236.821762,2732.60977,3238.502622,3103.944674,3707.50905,4311.53819,4528.972274,4736.528497,4851.424618,4537.976928,4503.145178,4885.474243,5153.202106,5227.759059
IDA total,IDA,GDP per capita (current US$),435.3309573,420.3350858,442.0052078,485.3231203,555.4695746,629.8195775,740.90076,847.9122545,992.9410116,954.1464839,1074.340129,1190.507013,1250.498231,1347.43393,1422.525515,1370.73525,1299.267674,1312.725888,1359.696233,1377.49082
IDA blend,IDB,GDP per capita (current US$),572.5584673,558.0220051,601.929914,660.2057649,786.0233961,917.101834,1122.662298,1264.850917,1464.524963,1339.974593,1536.688862,1730.326711,1859.438279,1977.510202,2105.041778,1957.863442,1771.739128,1714.469866,1753.091302,1762.411154
Indonesia,IDN,GDP per capita (current US$),780.190201,748.2576157,900.1775757,1065.648539,1150.261315,1263.287321,1589.801489,1860.002763,2166.854167,2261.247224,3122.362815,3643.043936,3694.348946,3623.911582,3491.624791,3331.695128,3562.845756,3837.651731,3893.846425,4135.569263
IDA only,IDX,GDP per capita (current US$),364.2078687,348.9971805,359.1548379,394.8401661,436.391052,481.587631,544.0263959,632.767972,750.0322775,757.0900258,836.6672824,911.416819,933.7731072,1019.86625,1066.54824,1066.156944,1057.255824,1110.355797,1162.750266,1185.841859
Isle of Man,IMN,GDP per capita (current US$),20322.94615,21352.21605,24864.43629,29520.0323,35492.43553,37761.03605,42106.80118,54194.98641,70994.40895,65031.33187,69766.52119,77351.95888,76104.68137,80431.6728,88974.22865,81606.28003,79155.54167,80989.17221,,
India,IND,GDP per capita (current US$),443.3141934,451.5730011,470.9867859,546.7266145,627.7742473,714.8610135,806.7532806,1028.334771,998.522339,1101.96084,1357.563719,1458.103527,1443.879529,1449.605912,1573.881492,1605.605434,1732.564262,1981.65105,2005.863005,2104.1459
Not classified,INX,GDP per capita (current US$),,,,,,,,,,,,,,,,,,,,
Ireland,IRL,GDP per capita (current US$),26241.36461,28227.72753,32541.0986,41106.92527,47631.01066,50878.22361,54306.42932,61359.74138,61262.10056,52105.15248,48715.17686,51848.90973,48917.89756,51590.18845,55492.98268,61995.42278,63197.08237,69822.34718,78621.22796,78660.95646
"Iran, Islamic Rep.",IRN,GDP per capita (current US$),1670.00947,1909.412278,1911.678792,2253.936132,2756.198742,3246.051029,3774.357841,4904.666252,5717.314465,5709.94798,6599.660938,7781.406114,7927.846902,6018.324473,5585.526758,4904.326877,5253.424843,5520.310789,,
Iraq,IRQ,GDP per capita (current US$),,,,,1391.963489,1855.522004,2373.214785,3182.947982,4636.610978,3853.940935,4657.280426,6045.495551,6836.027313,7076.554608,6818.804621,4989.803075,4776.726499,5205.288255,5834.166211,5955.10901
Iceland,ISL,GDP per capita (current US$),32018.06368,28793.96075,32326.63824,39423.92801,47367.27817,56658.59267,56673.60244,69054.27079,56409.7731,41333.41853,43024.92349,47516.87469,45910.02055,49522.23659,54241.93466,52564.42919,61466.80397,71310.93925,72968.70423,66944.82551
Israel,ISR,GDP per capita (current US$),21043.57493,20306.93224,18435.89476,18979.32345,19896.81774,20566.64549,21837.37849,24924.33095,29567.80388,27715.63681,30693.59308,33669.24647,32511.23785,36309.46883,37678.88977,35776.79517,37321.62404,40541.86209,41719.72544,43641.39774
Italy,ITA,GDP per capita (current US$),20087.59199,20483.21599,22270.14412,27465.6753,31259.7165,32043.14037,33501.65817,37822.66524,40778.34274,37079.75867,36000.52012,38599.06221,35053.52624,35549.9747,35518.41529,30230.2263,30939.71425,32406.72032,34520.08516,33189.5658
Jamaica,JAM,GDP per capita (current US$),3384.694861,3431.416469,3599.973172,3469.151565,3725.109093,4089.198442,4321.043327,4633.944386,4917.718398,4316.231053,4704.054455,5111.471413,5209.851931,4989.171391,4833.790318,4907.50372,4843.338474,5069.183838,5354.236859,5582.263778
Jordan,JOR,GDP per capita (current US$),1674.825261,1744.463602,1827.335753,1902.589902,2073.641321,2214.017817,2548.268658,2773.740242,3398.151722,3504.00246,3690.113268,3816.279258,3877.339345,3998.027473,4072.765475,4105.448961,4103.7336,4162.820687,4241.788782,4330.329346
Japan,JPN,GDP per capita (current US$),38532.04088,33846.46564,32289.35054,34808.39092,37688.72234,37217.64873,35433.98896,35275.22843,39339.29757,40855.17564,44507.67639,48167.99727,48603.47665,40454.44746,38109.41211,34524.46986,38761.81815,38386.51115,39159.42356,40246.88013
Kazakhstan,KAZ,GDP per capita (current US$),1229.000958,1490.92709,1658.030785,2068.124118,2874.288291,3771.278957,5291.57565,6771.414797,8513.564645,7165.223175,9070.488253,11634.0019,12386.7,13890.63177,12807.26069,10510.77189,7714.841844,9247.581331,9812.601405,9731.145207
Kenya,KEN,GDP per capita (current US$),397.4826588,395.3295318,389.542711,429.7878437,451.6687159,511.6164222,685.9545322,825.6665976,902.0700258,905.1317861,951.6879611,971.633329,1136.871406,1210.388014,1315.804535,1336.883349,1410.527568,1572.335496,1707.986805,1816.546916
Kyrgyz Republic,KGZ,GDP per capita (current US$),279.6195693,308.4096116,321.7270332,380.5064324,433.2349766,476.55213,543.1107024,721.7686908,966.3936272,871.2243893,880.0377751,1123.883168,1177.974735,1282.437162,1279.769783,1121.082835,1120.666513,1242.769643,1308.140165,1309.392992
Cambodia,KHM,GDP per capita (current US$),302.5771636,321.1503013,338.9872627,362.3357077,408.5138263,474.1112278,539.7501687,631.5248421,745.6091807,738.0547836,785.5022829,882.2754926,950.880346,1013.420401,1093.496191,1162.90492,1269.591257,1385.25998,1512.12671,1643.121389
Kiribati,KIR,GDP per capita (current US$),796.8881748,735.0262947,826.9452801,1015.724172,1131.140005,1214.556667,1168.448531,1374.452153,1428.120516,1311.999002,1516.811869,1735.018358,1788.505421,1715.765331,1642.762597,1542.57525,1584.807446,1640.500104,1698.256286,1655.078839
St. Kitts and Nevis,KNA,GDP per capita (current US$),9836.195568,10660.41173,11011.37958,10631.40699,11424.9729,12329.66101,13612.7678,14426.83212,15590.52879,15388.36724,15508.76811,16538.17144,16044.70548,16684.95302,18052.03596,18029.32554,18811.87337,19155.2894,19275.27726,19896.4957
"Korea, Rep.",KOR,GDP per capita (current US$),12256.99357,11561.24837,13165.06574,14672.85747,16496.12009,19402.50263,21743.47745,24086.41044,21350.42798,19143.85161,23087.22564,25096.26388,25466.76052,27182.73431,29249.57522,28732.23108,29288.87044,31616.8434,33340.26515,31761.97769
Kuwait,KWT,GDP per capita (current US$),18440.37852,16587.17767,17846.32606,22148.37815,27011.72765,35591.00578,42781.3665,45782.27656,55494.95099,37561.67267,38577.49828,48631.6913,51979.10517,49388.13741,44062.31704,29869.52939,27653.06677,29759.43649,33994.38192,32031.9801
Latin America & Caribbean (excluding high income),LAC,GDP per capita (current US$),4224.621113,4066.226283,3567.8652,3583.514979,4069.502139,4884.091903,5662.570882,6635.782074,7677.581129,7110.086051,8767.05888,9870.706096,9825.143454,9936.316767,10062.26923,8461.077391,8142.770024,8990.524504,8583.068002,8368.446391
Lao PDR,LAO,GDP per capita (current US$),325.1869982,326.9419076,320.0615179,362.8214135,417.9285042,475.6107135,590.6327074,710.344815,900.3236718,948.6539323,1140.599205,1378.361365,1581.395403,1825.665113,1998.335215,2134.711796,2308.800482,2423.846203,2542.486528,2534.898277
Lebanon,LBN,GDP per capita (current US$),4491.637259,4422.387076,4579.459593,4576.390746,4630.789572,4575.105512,4626.859808,5207.796,6111.332411,7354.953605,7761.646191,7674.83535,7950.695378,7931.080476,7686.25603,7644.548657,7629.891117,7801.178658,8024.803271,7784.316857
Liberia,LBR,GDP per capita (current US$),306.8328947,306.7103554,306.473737,243.0893405,286.0649989,294.8930368,336.1156743,396.6017613,478.3999379,470.9476196,513.4456986,596.8970811,657.9362563,721.9300554,721.1827948,710.3838577,714.6233922,698.7017644,677.3221785,621.8929536
Libya,LBY,GDP per capita (current US$),7142.774452,6266.490972,3703.048308,4673.143913,5800.597969,8163.010778,9336.35667,11300.19134,14382.57629,10275.26656,12064.78069,5554.179164,13025.28139,10363.78949,6466.91027,4337.919139,4035.194316,5756.69845,7877.122251,7683.750611
St. Lucia,LCA,GDP per capita (current US$),5950.351196,5642.92727,5646.456535,6150.921369,6591.849178,6948.821454,7669.074351,7970.035701,8456.694632,8137.845494,8540.414378,8983.436673,9086.799462,9378.562363,9843.915819,10093.89976,10361.8141,11047.44499,11357.88901,11611.41545
Latin America & Caribbean,LCN,GDP per capita (current US$),4394.933601,4239.88334,3753.097458,3784.279063,4305.82904,5141.974235,5952.577109,6928.701379,7958.466416,7393.212514,9065.807546,10193.85724,10186.95946,10326.13436,10417.35374,8870.63068,8577.358726,9432.971185,9081.194527,8847.43187
Least developed countries: UN classification,LDC,GDP per capita (current US$),328.249892,305.8879531,323.993595,358.5640937,400.8328962,458.6473176,523.4365051,612.8754877,741.8521794,729.4826173,813.2670308,903.509772,935.4819809,997.2093156,1053.028615,1014.380373,978.7413075,1041.228276,1056.786187,1069.681699
Low income,LIC,GDP per capita (current US$),323.8877867,294.8763841,308.6608547,329.4657698,372.603752,423.565554,483.9967583,576.3358213,679.0670705,679.5028861,734.2035212,773.2421812,790.4963907,845.7405124,883.9699919,860.5686206,774.5072735,779.6083179,781.5327819,779.8189412
Liechtenstein,LIE,GDP per capita (current US$),74853.93873,74267.48649,79359.80467,89851.97716,100265.9551,105414.442,114390.5997,130655.637,143255.9816,126082.4926,141200.38,158156.5998,149010.2249,173058.3174,178845.631,167290.94,165629.1905,173356.0513,,
Sri Lanka,LKA,GDP per capita (current US$),869.6965166,832.8034402,867.4912137,982.1956459,1065.784437,1248.698185,1435.817177,1630.388906,2037.322103,2090.401826,2799.648876,3200.833829,3350.521876,3610.289363,3819.25353,3843.780672,3886.291502,4077.043721,4080.567125,3853.083693
Lower middle income,LMC,GDP per capita (current US$),565.8631216,565.0188354,587.1580695,657.9568703,749.6450025,859.901257,994.5662633,1198.987715,1321.381507,1311.883815,1542.652453,1709.884166,1775.624255,1843.332143,1935.239874,1886.725894,1920.047686,2034.893581,2090.130109,2176.558227
Low & middle income,LMY,GDP per capita (current US$),1188.611198,1184.774323,1191.595401,1322.836552,1547.947174,1819.758841,2134.32103,2605.330277,3086.162478,2980.204428,3576.05292,4167.710896,4393.63289,4593.900589,4709.48357,4415.522911,4380.328093,4749.356416,5001.970026,5080.365496
Lesotho,LSO,GDP per capita (current US$),436.488352,405.6053137,382.1901735,573.6537676,753.3807868,842.8130532,904.6034022,863.7796315,884.9626748,890.9963833,1137.275702,1308.690066,1253.696202,1193.713257,1223.333032,1152.139827,1043.569792,1150.079173,1221.883763,1157.535164
Late-demographic dividend,LTE,GDP per capita (current US$),1663.811967,1707.400755,1796.716145,2034.476639,2430.62412,2915.184504,3495.979211,4377.57265,5408.660898,5194.140284,6192.389209,7502.030598,7978.585356,8548.159629,8818.869796,8218.384972,8187.21316,9031.340769,9840.781998,10000.48201
Lithuania,LTU,GDP per capita (current US$),3297.354701,3530.147337,4146.987928,5505.535669,6706.966998,7863.162009,9240.642548,12297.91535,14961.56818,11837.39103,11957.08421,14354.18838,14339.28787,15702.14306,16548.40641,14249.11497,14999.47964,16882.63947,19080.61737,19455.45413
Luxembourg,LUX,GDP per capita (current US$),48735.99549,48179.42085,52930.64115,65445.88503,75716.35108,80289.69641,89739.7117,106018.4928,114293.8433,103198.6693,104965.3061,115761.5077,106749.0136,113625.1329,118823.6484,101376.4966,104278.391,107627.151,116654.2611,114704.5942
Latvia,LVA,GDP per capita (current US$),3351.230706,3566.171119,4125.210034,5127.593575,6343.143526,7552.873894,9663.373451,14042.46242,16376.99836,12257.21657,11348.40623,13832.39118,13850.64282,15041.17446,15740.32675,13698.93795,14153.41492,15586.58189,17805.28031,17836.36489
"Macao SAR, China",MAC,GDP per capita (current US$),15710.08693,15552.95038,16315.36363,17808.90151,22446.33637,25043.01895,29950.77311,36352.91846,40597.55748,40796.96183,52253.15531,66644.38534,76291.84749,89287.45402,93777.1068,75340.98698,74061.08603,81516.67492,87208.53591,84096.39631
St. Martin (French part),MAF,GDP per capita (current US$),,,,,,,,,,,,,,,,,,,,
Morocco,MAR,GDP per capita (current US$),1334.943051,1339.293577,1416.488158,1725.458038,1952.90183,2018.025743,2196.01219,2499.259938,2890.360083,2866.924199,2839.925168,3046.949136,2912.658275,3121.681176,3171.699192,2875.257985,2896.720003,3036.325255,3222.200634,3204.095003
Monaco,MCO,GDP per capita (current US$),82367.99128,83734.77998,90501.3418,108627.3057,123519.806,124193.6056,134044.7012,169961.3839,185721.7942,154762.1994,150725.1941,169020.8878,157515.8991,177664.1156,189422.2188,166011.5091,170028.6557,167517.0597,185829.018,
Moldova,MDA,GDP per capita (current US$),440.6720307,507.5576584,570.9726454,682.5255088,897.4499588,1034.707058,1183.379211,1531.685476,2111.201495,1899.010117,2437.529978,2942.255949,3045.739874,3322.038436,3328.801449,2732.457113,2880.439281,3509.69345,4233.999556,4498.52085
Madagascar,MDG,GDP per capita (current US$),293.6071574,334.4416383,319.216474,368.7971942,284.4876464,319.5374402,338.7511265,438.6552901,536.3514595,467.5397549,471.959197,531.2655718,518.1529543,541.0662,530.8613457,467.2353994,475.9554172,515.2927249,527.5013261,522.2198092
Maldives,MDV,GDP per capita (current US$),2234.579866,3039.334623,3049.197616,3475.983305,3941.431136,3639.966576,4809.963115,5574.451876,6614.159147,6636.412416,7076.662423,7291.42764,7265.613656,7928.457365,8499.365762,9033.390413,9209.288625,9540.634349,10330.61561,10790.50024
Middle East & North Africa,MEA,GDP per capita (current US$),3066.34667,3020.652289,2953.134791,3265.225767,3738.425417,4410.601214,5056.227604,5868.756017,7177.970224,6274.402399,7169.344653,8324.984473,8894.861579,8652.347582,8537.258824,7371.998335,7265.221146,7411.423129,8049.979551,8104.501888
Mexico,MEX,GDP per capita (current US$),7157.8145,7544.568648,7593.137793,7075.369643,7484.486542,8277.671251,9068.294387,9642.680605,10016.5713,8002.972106,9271.398233,10203.42085,10241.72792,10725.18332,10922.37605,9605.952351,8739.756043,9278.418168,9673.443674,9863.072699
Marshall Islands,MHL,GDP per capita (current US$),2272.722795,2388.549648,2515.527974,2458.068318,2456.244952,2568.361142,2608.605448,2745.438975,2726.097483,2698.179556,2876.994997,3083.83188,3224.338382,3296.698163,3230.02326,3213.837288,3473.775006,3666.695374,3788.163594,
Middle income,MIC,GDP per capita (current US$),1264.567026,1263.792712,1271.400459,1413.961834,1657.425946,1951.823525,2292.905302,2803.427178,3325.115449,3212.848716,3866.193845,4517.714608,4770.005245,4991.390481,5121.330794,4804.481578,4778.762823,5193.1639,5480.309215,5575.440915
North Macedonia,MKD,GDP per capita (current US$),1854.145956,1815.920091,1961.203736,2408.80011,2762.560358,3037.75311,3325.635809,4036.20277,4793.443669,4544.008835,4542.899717,5063.786986,4698.141294,5210.67583,5468.480869,4840.273123,5129.15896,5430.87421,6062.942604,6093.14769
Mali,MLI,GDP per capita (current US$),269.8711377,307.4369205,334.8365206,392.524759,440.1684418,489.021069,523.0386031,596.6901888,694.2776501,698.8989219,710.2742022,837.6034406,778.6192858,805.032838,848.302758,751.4786686,780.38787,830.5574088,900.1101645,890.7372855
Malta,MLT,GDP per capita (current US$),10391.00432,10346.55337,11281.14031,13587.80927,15063.20518,15857.60316,16671.5672,19375.5696,21928.70067,20675.58259,21107.36443,22858.58609,21916.41159,23837.27999,26008.82772,24002.52329,25133.04565,27239.0701,30133.46617,29416.23061
Myanmar,MMR,GDP per capita (current US$),190.6062319,137.1683267,142.0822652,217.3904189,217.5942826,244.8823499,294.1631813,406.7286892,638.1490599,734.4460067,979.05163,1176.242453,1165.794329,1162.33144,1251.820765,1287.430487,1266.546338,1291.542413,1418.177623,1407.813143
Middle East & North Africa (excluding high income),MNA,GDP per capita (current US$),1617.711922,1644.650416,1568.858242,1739.207831,1980.939357,2293.032787,2617.81523,3179.414991,3867.511431,3666.597898,4157.898814,4621.789588,5011.268306,4605.550672,4466.556485,3944.349251,3928.792588,3793.932018,,
Montenegro,MNE,GDP per capita (current US$),1627.072633,1909.598702,2106.635068,2789.159065,3380.165121,3674.617924,4425.678873,5976.394145,7367.751909,6727.107767,6682.281158,7318.74469,6586.721279,7189.293287,7388.147794,6517.163752,7033.604899,7803.411137,8850.092733,8832.036836
Mongolia,MNG,GDP per capita (current US$),474.2168965,524.0553079,571.5926395,646.1932563,797.9786853,998.8313648,1334.211681,1632.726952,2136.563214,1714.360545,2643.292914,3757.558633,4351.88692,4366.075901,4158.525715,3918.579174,3660.150746,3669.41754,4134.987198,4295.235025
Northern Mariana Islands,MNP,GDP per capita (current US$),,,21978.77439,21381.60733,21136.84799,18764.812,17715.90136,16986.90668,17189.93135,14669.7913,14804.24673,13571.05828,13827.7697,14274.24065,15278.90787,16690.5701,22246.74308,28305.22259,23258.67586,
Mozambique,MOZ,GDP per capita (current US$),313.5680341,291.467739,299.6830541,323.5225887,381.1565927,415.348291,434.0340288,480.9335201,564.4794877,519.7604047,471.1816926,594.5864667,657.6453378,664.0782118,673.9699555,589.8590281,428.926488,461.4150941,498.9572202,491.8047231
Mauritania,MRT,GDP per capita (current US$),676.5676584,646.116311,639.6671224,717.9003701,803.7776421,970.8436448,1288.144297,1351.456842,1558.889743,1392.464144,1610.923908,1879.771427,1815.219429,1892.095487,1677.108166,1524.072883,1536.85415,1578.114174,1600.876469,1677.919253
Mauritius,MUS,GDP per capita (current US$),3929.075495,3856.625227,4018.948897,4793.718179,5388.065784,5282.906022,5695.969327,6574.654338,8030.063005,7318.12641,8000.376432,9197.026972,9291.227619,9637.00265,10153.93822,9260.447303,9681.618567,10484.90836,11208.22737,11203.54058
Malawi,MWI,GDP per capita (current US$),156.3857186,150.1489558,298.4333849,267.3990565,282.5670846,289.5551689,308.1634757,332.2591444,387.6059753,438.2120429,478.6685897,534.9512647,391.5618324,348.4302696,371.2697496,380.5970331,315.7773264,356.7175732,381.2589876,411.5523404
Malaysia,MYS,GDP per capita (current US$),4043.662051,3913.428726,4165.726104,4461.847687,4952.212975,5587.02565,6209.124508,7243.455987,8474.586829,7292.494447,9040.566251,10399.37275,10817.44287,10970.12328,11319.07976,9955.242127,9817.740861,10254.23402,11373.233,11414.83766
North America,NAC,GDP per capita (current US$),35147.87659,35822.80361,36666.27032,38391.00675,40766.67325,43349.0056,45724.25136,47646.43886,48215.11179,46483.02509,48374.0946,50111.9823,51723.22566,53077.24208,54637.83259,55502.6915,56364.85516,58467.97381,61163.83877,63181.79576
Namibia,NAM,GDP per capita (current US$),2136.440243,1906.292604,1769.17591,2560.774036,3396.911932,3674.002201,3974.522425,4356.244512,4153.247938,4265.258745,5318.00694,5723.32549,5942.273788,5377.727327,5435.171911,4869.378406,4523.09127,5303.309133,5495.428836,4957.458006
New Caledonia,NCL,GDP per capita (current US$),12579.59511,,,,,,,,,,,,,,,,,,,
Niger,NER,GDP per capita (current US$),197.5244629,208.0676622,227.1362787,267.8532881,285.0950907,321.0898362,335.3414379,387.7808911,473.4146716,459.4241732,473.2998775,508.3965681,526.3509656,548.8929548,562.1218446,483.3392822,494.7187135,516.8882472,571.5269922,554.6009687
Nigeria,NGA,GDP per capita (current US$),567.930736,590.381815,741.7475112,795.3862467,1007.874328,1268.383443,1656.424759,1883.461311,2242.871886,1891.33537,2292.445156,2520.404166,2746.991789,2998.072843,3222.693537,2730.430324,2175.99967,1968.559588,2032.729709,2229.858696
Nicaragua,NIC,GDP per capita (current US$),1007.501429,1034.551588,1000.935948,1005.732473,1080.268112,1162.290113,1226.642974,1327.959699,1499.258678,1444.372527,1503.870423,1655.801824,1760.454387,1811.639193,1934.069508,2049.84969,2107.56718,2159.163079,2020.547028,1912.903745
Netherlands,NLD,GDP per capita (current US$),26149.41108,26873.27593,29204.03983,35672.2066,40362.39478,41979.05585,44863.35063,51733.44213,57644.47997,52514.02712,50950.03434,54159.34661,50073.00566,52184.06185,52830.17423,45175.23189,46007.85292,48675.22234,53048.09621,52447.83144
Norway,NOR,GDP per capita (current US$),38131.46061,38542.7151,43084.47247,50134.89077,57603.83602,66810.47852,74148.32008,85139.96045,96944.09561,79977.69708,87693.79007,100600.5624,101524.1419,102913.4508,97019.18275,74355.51586,70459.1825,75496.75406,81734.46557,75419.63487
Nepal,NPL,GDP per capita (current US$),229.4902871,246.725629,244.7208237,252.4024323,286.1575938,315.80563,346.9452514,391.3801314,470.4555473,478.1731816,592.4010975,699.4293377,698.4664794,715.923743,743.4133813,792.5528906,777.1475955,911.4442665,1038.651647,1071.050761
Nauru,NRU,GDP per capita (current US$),,,,,,,,,,,4754.075002,6568.102582,9429.633377,9101.91698,8829.356719,6956.253801,7670.116404,8510.868408,9762.389302,9396.981967
New Zealand,NZL,GDP per capita (current US$),13641.10272,13882.85683,16874.18749,21913.70817,25420.23488,27751.06547,26671.32942,32511.12666,31290.25372,28205.73284,33700.12604,38437.54316,39982.7543,42962.98821,44553.28221,38615.99518,40105.61339,42849.42632,42949.93058,42084.35337
OECD members,OED,GDP per capita (current US$),22976.91686,22603.74724,23405.56163,26000.13855,28737.00838,30183.4631,31617.09984,34347.42894,36112.35518,33569.30129,34983.48739,37434.52002,37184.8135,37447.50456,37980.48611,35605.23919,36030.91319,37370.04899,39261.40951,39399.04923
Oman,OMN,GDP per capita (current US$),8601.25417,8475.964136,8626.984097,9066.347498,10126.1161,12377.06807,14420.51706,15838.46561,22139.64041,16823.77165,18756.97925,20921.14598,21902.58136,20926.55405,20131.91672,16028.75136,14618.87538,15130.94374,16414.88802,15474.03248
Other small states,OSS,GDP per capita (current US$),4363.711976,4268.064905,4528.323401,5539.430641,6745.478688,8000.601109,9167.812012,10943.39439,13026.79641,10900.47631,12366.33726,14891.41211,15211.57698,15541.89648,15741.33979,12793.93105,12385.06369,13404.40974,14632.39859,13981.58378
Pakistan,PAK,GDP per capita (current US$),576.1956006,544.4942738,534.3038828,599.3763227,687.8364171,748.9225846,836.8605211,908.0950906,990.8465996,957.9956808,987.409723,1164.976129,1198.109001,1208.90431,1251.164104,1356.667756,1368.454326,1464.993305,1482.305667,1284.702041
Panama,PAN,GDP per capita (current US$),4060.324493,4046.419981,4126.241558,4267.303325,4592.152614,4916.914994,5348.895292,6166.180721,7154.274496,7576.140467,8082.028459,9358.251475,10722.28363,11889.12763,12796.07004,13630.30797,14343.96363,15150.34561,15592.57368,15731.01603
Peru,PER,GDP per capita (current US$),1955.588006,1941.475632,2021.23974,2145.643183,2417.035501,2729.498682,3154.331237,3606.070435,4220.616969,4196.312793,5082.354757,5869.32308,6528.972218,6756.752769,6672.880255,6229.101696,6204.99726,6710.508029,6941.235848,6977.695784
Philippines,PHL,GDP per capita (current US$),1072.809064,990.5638962,1036.159313,1048.008192,1121.489632,1244.349041,1452.438656,1744.640313,1991.231542,1905.894711,2217.474009,2450.733656,2694.305473,2871.430902,2959.648452,3001.040371,3073.653615,3123.234229,3252.092324,3485.084218
Palau,PLW,GDP per capita (current US$),7647.929861,8085.066543,8302.011509,7762.224242,8299.496653,9325.554825,9673.945752,10159.21808,10587.27545,10028.40033,10219.9276,10884.41251,11967.30726,12688.19721,13794.79178,15871.84263,16932.33286,16078.26819,15859.43486,
Papua New Guinea,PNG,GDP per capita (current US$),602.1869023,515.6846078,491.8343081,568.2464399,618.0368977,749.1863962,1256.978891,1401.947182,1672.950784,1626.312399,1949.352518,2406.909679,2790.676669,2729.891906,2920.783721,2679.345588,2509.631457,2695.251883,2720.385245,2845.180186
Poland,POL,GDP per capita (current US$),4492.727604,4981.198619,5196.932921,5693.377763,6681.178818,8020.963164,9038.654807,11255.37983,14001.38156,11527.53442,12599.53358,13893.50926,13145.53926,13781.06261,14347.91458,12572.4266,12431.81589,13861.30936,15460.64428,15595.22703
Pre-demographic dividend,PRE,GDP per capita (current US$),442.7386519,425.7861431,491.4610439,544.0369149,644.6740871,780.2501304,960.2702157,1129.47229,1383.065088,1220.217609,1396.887209,1575.221066,1678.432495,1791.26549,1856.526005,1589.453392,1398.969415,1414.800843,1449.034511,1472.385402
Puerto Rico,PRI,GDP per capita (current US$),16192.12697,18123.1987,18731.45939,19557.12025,20988.99233,21959.3227,22935.94116,23664.88235,24898.33459,25768.72589,26435.74879,27278.88305,27944.73389,28513.16574,28981.45733,29763.4883,30627.1634,31108.75275,31621.89347,32873.71927
"Korea, Dem. People’s Rep.",PRK,GDP per capita (current US$),,,,,,,,,,,,,,,,,,,,
Portugal,PRT,GDP per capita (current US$),11497.75346,11724.6115,12875.32079,15762.97579,18031.00042,18773.12536,19822.84603,22782.09462,24847.54514,23059.79745,22498.69086,23186.91313,20564.88986,21647.04181,22074.30076,19242.36647,19978.40121,21490.42986,23461.57186,23145.04082
Paraguay,PRY,GDP per capita (current US$),1663.605252,1565.053712,1300.851426,1365.416418,1679.497171,1843.633791,2271.090038,2976.825503,4041.583876,3624.571058,4355.934939,5322.96376,5183.082877,5926.832863,6102.943233,5406.703857,5319.410218,5680.580768,5805.675616,5414.799138
West Bank and Gaza,PSE,GDP per capita (current US$),1476.17185,1335.553195,1156.217473,1257.69857,1337.565724,1455.187875,1441.4617,1575.5634,1857.890515,1970.182963,2354.125987,2695.193853,2834.021525,3060.312389,3046.821798,2967.851747,3074.291152,3254.485887,3198.866644,
Pacific island small states,PSS,GDP per capita (current US$),1765.114099,1710.63837,1779.138499,2058.558307,2348.481438,2551.175556,2647.044099,2879.026928,3032.336641,2652.479604,2905.02252,3401.31861,3568.80296,3654.826603,3919.673053,3776.199421,3899.580627,4132.18527,4223.958416,4192.973761
Post-demographic dividend,PST,GDP per capita (current US$),25755.24057,25398.32977,26354.27717,29410.4894,32511.38606,34054.57298,35653.00624,38685.96018,40642.36723,38101.47888,39558.90854,42364.22576,42149.35382,42388.85788,43064.32042,40584.26096,41289.58144,42879.59117,45243.53343,45530.24815
French Polynesia,PYF,GDP per capita (current US$),14323.82082,,,,,,,,,,,,,,,,,,,
Qatar,QAT,GDP per capita (current US$),29976.11704,28517.26721,30214.85901,34517.75509,42124.82901,51455.59419,59530.15354,65421.75277,80234.47007,59094.44494,67403.1603,82409.58033,85076.14793,85050.91097,83858.52838,63039.01655,57163.06099,61264.39648,68793.78444,64781.7332
Romania,ROU,GDP per capita (current US$),1659.90764,1825.179805,2119.882673,2679.41191,3494.944517,4617.929016,5757.496429,8360.166321,10435.04398,8548.118672,8209.919456,9104.995622,8535.046876,9555.244217,10026.97358,8977.437382,9567.129345,10807.79539,12408.59649,12919.52964
Russian Federation,RUS,GDP per capita (current US$),1771.594059,2100.352512,2377.529577,2975.125353,4102.364833,5323.463083,6920.189125,9101.255049,11635.27293,8562.813277,10674.99578,14311.08432,15420.87454,15974.64463,14095.64874,9313.013625,8704.898413,10720.33259,11370.81346,11584.99538
Rwanda,RWA,GDP per capita (current US$),218.6801627,203.4568715,199.0673298,215.7489815,240.6492936,291.9966862,368.2488929,440.3301809,545.7551005,582.0572768,612.3436991,671.50994,728.6972971,726.1801569,747.0005116,754.906789,748.5044181,772.3184718,782.6181409,801.656187
South Asia,SAS,GDP per capita (current US$),453.2376044,455.8581365,469.7121815,538.7111364,613.9477974,691.6926144,774.8637936,959.3051362,959.4611971,1041.994394,1257.499439,1367.313138,1364.416403,1381.856627,1494.420765,1541.803686,1651.089463,1866.886067,1899.609233,1959.917165
Saudi Arabia,SAU,GDP per capita (current US$),9171.330145,8684.647401,8695.400072,9609.966975,11185.13337,13791.44629,15384.74015,16516.62362,20078.25779,16113.14249,19262.54768,23745.80161,25243.3587,24844.74437,24463.90316,20627.93278,19879.29753,20803.74257,23338.96346,23139.79866
Sudan,SDN,GDP per capita (current US$),366.1728076,383.0159987,418.2518413,484.8447351,573.3069261,689.209557,905.3097449,1128.41035,1304.533051,1163.796952,1401.477474,1437.773295,1457.894582,1557.22831,1709.999605,1909.738755,1299.261195,1111.868449,623.8672524,441.5056034
Senegal,SEN,GDP per capita (current US$),604.654066,615.2684717,656.6227077,823.7211451,940.5516918,993.9320411,1040.903994,1222.372918,1411.929332,1317.235687,1280.22547,1373.520789,1329.981379,1376.069816,1396.658225,1219.248662,1269.902108,1361.699588,1465.591006,1446.830965
Singapore,SGP,GDP per capita (current US$),23852.32703,21700.02005,22159.68886,23730.15245,27608.53737,29961.26328,33769.15416,39432.93835,40007.46926,38927.20688,47236.96023,53890.42873,55546.48854,56967.42579,57562.53079,55646.61875,56828.29535,60913.74533,66188.7794,65233.28244
Solomon Islands,SLB,GDP per capita (current US$),1054.388246,944.6140341,784.6498272,744.3525546,818.0588673,880.8129914,949.3376001,1048.650015,1208.338618,1160.301648,1290.398786,1722.418121,1913.232013,1977.451405,1996.781184,1914.46793,1986.416236,2059.045424,2137.6907,2127.538508
Sierra Leone,SLE,GDP per capita (current US$),138.6986922,229.3755148,252.3962103,266.4471103,266.5695675,292.3493252,323.3891849,360.3721418,408.4807421,391.2010053,401.8350014,448.3375255,566.3786569,716.8353047,714.7007124,588.2284527,501.4157129,499.3807078,533.9911843,504.4625434
El Salvador,SLV,GDP per capita (current US$),2001.538009,2072.299842,2124.102889,2209.496508,2278.431843,2428.569512,2631.820415,2786.157922,2933.395675,2858.47963,2983.242708,3266.045875,3428.384736,3509.531493,3589.042193,3705.577946,3805.993666,3910.257193,4067.659449,4187.250031
San Marino,SMR,GDP per capita (current US$),36601.82755,38739.1586,41464.74643,51268.33418,59562.88874,60900.54329,64248.0507,72709.79688,78643.55065,66722.69931,60239.34071,57286.655,49985.34957,51572.56817,50806.53438,42650.31726,43842.38552,45394.20103,48481.0133,
Somalia,SOM,GDP per capita (current US$),,,,,,,,,,,,,,,,,,,,
Serbia,SRB,GDP per capita (current US$),914.7855093,1727.281196,2283.846685,3005.426352,3502.803153,3720.479155,4382.617279,5848.476405,7101.040141,6169.114195,5735.422857,6809.159804,6015.945228,6755.073511,6600.05665,5585.117808,5756.381194,6284.192804,7246.191986,7402.354559
Sub-Saharan Africa (excluding high income),SSA,GDP per capita (current US$),594.2302987,552.3053492,586.8033653,716.6315987,869.7412538,1006.803015,1165.86032,1317.730232,1470.065448,1363.49385,1578.62752,1733.955781,1770.159637,1838.055744,1873.491817,1662.588028,1492.851119,1548.80154,1576.776615,1573.013688
South Sudan,SSD,GDP per capita (current US$),,,,,,,,,1669.492414,1337.882084,1535.708184,1516.403915,1179.739828,1779.469334,1322.820239,1119.651333,,,,
Sub-Saharan Africa,SSF,GDP per capita (current US$),601.0638721,558.9731759,593.6589486,724.4363664,878.2731141,1014.832392,1174.204574,1327.01041,1481.001792,1373.137466,1588.817977,1745.443057,1781.433136,1849.69361,1885.472563,1673.449291,1504.238409,1560.887347,1589.425156,1585.436468
Small states,SST,GDP per capita (current US$),4386.875772,4340.842116,4579.501454,5396.706617,6394.598298,7485.463022,8512.416733,10004.66934,11784.96984,9878.892171,11122.80301,13171.13596,13484.66686,13774.49218,13965.96173,11707.51848,11311.7329,12135.83779,13158.7022,12730.94449
Sao Tome and Principe,STP,GDP per capita (current US$),,524.6879948,577.6401566,678.6928396,745.3154519,866.5049956,883.0697315,896.851612,1098.768061,1067.914125,1094.710717,1263.868022,1340.527702,1577.018278,1782.798059,1595.864632,1710.130898,1811.012826,2001.136978,1994.906467
Suriname,SUR,GDP per capita (current US$),2012.260287,1750.558371,2267.721066,2611.356086,3006.189322,3590.626616,5197.717047,5744.759727,6831.970411,7408.389111,8255.796859,8263.172923,9201.008785,9402.233137,9472.0076,8561.974179,5539.068872,5626.795816,6003.723066,6854.906561
Slovak Republic,SVK,GDP per capita (current US$),5413.150621,5717.21709,6533.553213,8712.698793,10671.82186,11685.75482,13159.75944,16085.61152,18677.29271,16531.67051,16727.29133,18338.36223,17460.04681,18236.98079,18670.93017,16309.07324,16505.97505,17554.30832,19428.11621,19329.0968
Slovenia,SVN,GDP per capita (current US$),10201.30354,10479.75943,11777.15551,14849.03695,17233.13856,18098.90873,19672.96549,23787.64669,27483.33695,24694.23056,23509.54339,25095.13263,22643.10025,23496.60231,24214.92207,20881.76677,21622.58068,23500.75223,26054.5421,25739.24781
Sweden,SWE,GDP per capita (current US$),29624.91267,27247.85773,29899.19525,37321.7979,42821.67314,43437.06312,46593.60216,53700.00534,56152.55234,46946.96027,52869.04429,60755.75955,58037.82132,61126.9432,60020.36046,51545.48361,51965.15715,53791.50873,54589.06039,51610.06606
Eswatini,SWZ,GDP per capita (current US$),1728.70534,1521.76762,1405.441856,2148.619935,2699.133402,3083.826232,3176.700338,3327.441875,3137.396115,3385.842926,4168.505177,4496.600379,4527.668988,4230.344056,4038.557228,3689.518706,3447.695699,3953.088968,4145.97411,3837.026994
Sint Maarten (Dutch part),SXM,GDP per capita (current US$),,,,,,,,,,,,,,,,,,,,
Seychelles,SYC,GDP per capita (current US$),7578.851053,7663.13708,8331.261997,8524.961236,10176.65871,11092.51074,12014.39987,12154.82994,11122.86207,9706.95606,10804.68447,12189.09516,12006.68296,14765.67398,14700.3343,14745.34144,15068.62032,15906.08392,16390.82488,17401.72151
Syrian Arab Republic,SYR,GDP per capita (current US$),1177.629268,1258.447322,1263.255122,1253.395146,1407.178424,1571.738407,1748.90568,2032.623489,,,,,,,,,,,,
Turks and Caicos Islands,TCA,GDP per capita (current US$),,16629.34223,15784.60356,16382.93711,18187.22135,20533.91625,24561.65051,25456.30212,27648.34402,22019.65773,21028.40814,21835.08314,21009.88581,21328.97901,23296.33691,24832.59637,25995.17246,25933.60744,27142.2278,
Chad,TCD,GDP per capita (current US$),165.7629866,196.9736976,220.3759764,291.9448516,453.5218172,658.3049578,709.7651951,798.5480013,925.6360843,800.4642249,892.5687203,984.7358915,967.3527975,979.8124096,1020.288204,776.0195323,693.4493865,665.9483527,726.1498811,709.5403101
East Asia & Pacific (IDA & IBRD countries),TEA,GDP per capita (current US$),966.9264267,1019.17178,1118.128125,1254.948391,1443.418627,1658.639316,1982.266512,2487.589429,3124.284641,3363.455175,4048.335546,4910.478775,5436.160378,5954.106679,6373.238577,6591.704671,6682.048699,7248.931131,8054.889785,8308.334363
Europe & Central Asia (IDA & IBRD countries),TEC,GDP per capita (current US$),2053.649133,2092.176781,2352.536682,2890.648956,3739.7125,4678.617401,5653.550427,7258.285931,8964.16525,7083.022474,8276.643651,10004.59819,10396.81836,10964.15241,10314.48077,7997.067603,7651.578313,8538.356943,8877.965595,8988.92805
Togo,TGO,GDP per capita (current US$),302.2063943,292.5673576,326.8556001,396.0300441,412.589392,406.4009505,407.6946979,449.1442328,544.1475234,538.4419516,534.0443668,587.0971368,571.8067239,621.3988536,640.9342196,570.910279,597.4710888,626.0915279,678.9556381,675.5422133
Thailand,THA,GDP per capita (current US$),2007.735175,1893.26406,2096.187999,2359.116867,2660.126998,2894.062656,3369.543403,3973.016991,4379.658524,4213.006339,5076.340174,5492.121256,5860.582507,6168.262985,5951.883702,5840.046523,5994.231475,6592.914902,7295.475616,7808.192916
Tajikistan,TJK,GDP per capita (current US$),138.4288795,171.0479834,190.0025003,237.7574442,311.6273248,340.5830327,408.8385907,526.6429154,715.8651105,676.1234193,749.552711,847.3821018,969.2964731,1048.227293,1104.171689,929.0958572,802.5180041,806.0415731,826.6215305,870.7875893
Turkmenistan,TKM,GDP per capita (current US$),643.174726,774.4828307,967.8901647,1283.911263,1453.916238,1704.417531,2136.474322,2600.369292,3904.463719,4036.455999,4439.200382,5649.952278,6675.185658,7304.287132,7962.239098,6432.680702,6389.548408,6587.090316,6966.635411,
Latin America & the Caribbean (IDA & IBRD countries),TLA,GDP per capita (current US$),4306.501311,4131.339401,3623.631485,3646.413959,4167.848848,5010.237201,5817.829511,6805.008742,7853.422851,7269.392167,8980.719155,10128.63224,10111.75807,10247.21402,10334.43067,8728.07016,8417.027467,9288.199577,8924.133351,8681.196686
Timor-Leste,TLS,GDP per capita (current US$),415.0834787,529.7902522,508.7916881,517.7846146,453.4767175,464.5196375,446.4577497,523.7336977,614.4323923,676.6227594,806.4078617,947.5137304,1013.050451,1210.033296,1232.456832,1334.661956,1358.201692,1294.715534,1237.102682,1294.188934
Middle East & North Africa (IDA & IBRD countries),TMN,GDP per capita (current US$),1619.032875,1647.880708,1573.311946,1744.456841,1988.068055,2302.380502,2631.022865,3197.553159,3890.479766,3686.06954,4178.708356,4644.130504,5036.720832,4623.47968,4483.06104,3955.55506,3938.533311,3799.787291,,
Tonga,TON,GDP per capita (current US$),2065.502661,1840.291495,1845.418595,2033.790901,2288.593015,2598.2472,2892.039182,2925.91276,3380.613351,3062.533091,3553.220614,4084.624132,4597.742305,4428.566481,4393.940811,4320.63799,3966.15652,4217.476507,4364.015561,
South Asia (IDA & IBRD),TSA,GDP per capita (current US$),453.2376044,455.8581365,469.7121815,538.7111364,613.9477974,691.6926144,774.8637936,959.3051362,959.4611971,1041.994394,1257.499439,1367.313138,1364.416403,1381.856627,1494.420765,1541.803686,1651.089463,1866.886067,1899.609233,1959.917165
Sub-Saharan Africa (IDA & IBRD countries),TSS,GDP per capita (current US$),601.0638721,558.9731759,593.6589486,724.4363664,878.2731141,1014.832392,1174.204574,1327.01041,1481.001792,1373.137466,1588.817977,1745.443057,1781.433136,1849.69361,1885.472563,1673.449291,1504.238409,1560.887347,1589.425156,1585.436468
Trinidad and Tobago,TTO,GDP per capita (current US$),6435.164683,6939.801184,7053.070804,8807.900379,10293.80541,12327.23317,14102.49585,16539.87811,21204.10497,14514.14172,16683.35538,19034.1492,19157.41704,20143.66445,20270.85937,18289.70434,16176.94737,16238.19319,17129.91309,17276.46545
Tunisia,TUN,GDP per capita (current US$),2211.826817,2253.04471,2344.413533,2760.414314,3111.382703,3193.206569,3370.033926,3775.75001,4307.155878,4128.462783,4141.976353,4264.674946,4152.678587,4222.703245,4305.474165,3861.688531,3697.930831,3481.228739,3438.789089,3317.541013
Turkey,TUR,GDP per capita (current US$),4316.548907,3119.56579,3659.939868,4718.199808,6040.607698,7384.251628,8035.377338,9711.873594,10854.17225,9038.52015,10672.38925,11335.51051,11707.25971,12519.39143,12095.85457,10948.72461,10820.63384,10513.64843,9370.176355,9042.492983
Tuvalu,TUV,GDP per capita (current US$),1462.8547,1391.453495,1610.149462,1874.468285,2182.078388,2183.909889,2263.128601,2644.591921,2936.80626,2599.873012,3022.176507,3640.72324,3507.940655,3454.828692,3398.706483,3197.772252,3255.928693,3572.493579,3700.744263,4059.029996
Tanzania,TZA,GDP per capita (current US$),410.9523276,406.5386686,411.9723458,431.2796931,459.2592825,492.6313793,485.4974874,552.8395296,687.3904455,695.2167768,743.4037847,781.4370143,867.8676806,970.4169384,1030.092917,947.9334465,966.4746224,1004.841121,1060.994615,1122.12181
Uganda,UGA,GDP per capita (current US$),261.8689977,239.4731859,245.5000794,243.9015264,296.0469361,325.5903736,347.9903568,416.8986194,467.9005703,793.4832855,815.8736791,825.8384352,783.717921,803.5093739,876.3543005,840.4015715,730.6250405,747.1969074,767.0977596,776.7685759
Ukraine,UKR,GDP per capita (current US$),635.7005351,780.3211789,878.6187489,1047.50279,1366.016476,1826.931391,2300.769709,3065.611294,3887.242337,2542.995424,2965.139715,3569.758121,3855.417729,4029.711252,3104.643206,2124.662319,2187.73051,2640.675677,3096.817402,3659.031312
Upper middle income,UMC,GDP per capita (current US$),1878.124476,1882.788929,1882.773948,2095.388911,2482.95625,2953.439582,3494.252559,4300.970143,5211.274071,5016.95753,6089.423314,7225.172229,7678.096345,8070.062903,8258.437751,7695.503939,7629.406856,8364.770425,8911.911519,9040.045782
Uruguay,URY,GDP per capita (current US$),6875.021328,6284.4559,4090.899267,3624.198052,4120.556611,5226.937806,5887.848703,7026.511491,9091.079039,9451.932449,11992.01663,14236.68119,15171.58466,16973.67421,16831.97294,15613.76427,15387.14403,17322.14739,17277.97011,16190.12696
United States,USA,GDP per capita (current US$),36334.90878,37133.24281,38023.16111,39496.48588,41712.80107,44114.74778,46298.73144,47975.96768,48382.55845,47099.98047,48467.51578,49886.81811,51610.60528,53117.66783,55047.72556,56822.51882,57927.51685,59957.72585,62840.02024,65118.35833
Uzbekistan,UZB,GDP per capita (current US$),558.2268024,456.7062895,383.343068,396.377979,465.1198869,546.7768502,654.2838373,830.4076942,1082.286025,1213.265328,1634.312095,1926.292997,2137.025122,2281.410973,2492.336643,2615.025134,2567.799207,1826.566919,1529.082864,1724.841134
St. Vincent and the Grenadines,VCT,GDP per capita (current US$),3676.439642,3985.683402,4272.860898,4447.743813,4810.298503,5070.512702,5625.35139,6307.214096,6415.809617,6232.719361,6292.789487,6242.195332,6390.310632,6639.607146,6684.807367,6920.878074,7075.06582,7212.960181,7361.400962,7463.537831
"Venezuela, RB",VEN,GDP per capita (current US$),4842.037202,4986.675586,3700.879593,3272.615024,4325.696756,5504.976824,6833.377894,8454.466743,11432.74386,11765.10018,13825.35809,10955.34991,12985.50533,12456.71245,16054.49051,,,,,
British Virgin Islands,VGB,GDP per capita (current US$),,,,,,,,,,,,,,,,,,,,
Virgin Islands (U.S.),VIR,GDP per capita (current US$),,,30126.25564,31823.12499,35024.47749,40929.79512,41560.9342,44333.06566,39207.00375,38771.27439,40043.19017,39144.16577,37849.72872,34819.14775,33573.09703,34797.14047,35931.54125,35938.02439,,
Vietnam,VNM,GDP per capita (current US$),390.0933261,404.8078662,430.0528671,480.5797992,546.9096058,687.4797356,784.3724223,906.2841981,1149.424642,1217.268555,1317.890706,1525.115988,1735.141276,1886.671896,2030.261955,2085.101484,2192.214539,2365.621666,2566.59695,2715.276036
Vanuatu,VUT,GDP per capita (current US$),1470.572265,1363.113016,1354.186169,1580.542444,1788.087167,1887.226576,2049.618856,2398.612625,2705.597658,2649.618144,2966.857116,3264.537017,3133.090209,3124.233078,3088.258303,2801.939848,2889.853036,3082.356323,3095.702156,3058.065675
World,WLD,GDP per capita (current US$),5498.329705,5396.891939,5533.425294,6131.223225,6820.615196,7297.153399,7811.936206,8694.900257,9423.757252,8830.306909,9551.335653,10488.33402,10605.20832,10781.85531,10952.34442,10246.50736,10281.9088,10817.48195,11374.84676,11428.56985
Samoa,WSM,GDP per capita (current US$),1542.066736,1557.01718,1633.035432,1909.122171,2353.548219,2590.417791,2796.570246,3133.654113,3379.082093,3168.176706,3566.362378,3933.459357,4022.19912,4037.509315,3937.758712,4073.66601,4109.165135,4258.48627,4183.408032,4315.920675
Kosovo,XKX,GDP per capita (current US$),1087.762401,1490.361033,1413.532587,1638.104739,2086.537325,2147.464271,2237.126598,2685.986222,3254.820269,3209.694109,3286.557443,3741.875052,3596.804655,3891.266363,4080.330717,3603.025501,3780.003689,4045.614209,4419.914327,4417.50994
"Yemen, Rep.",YEM,GDP per capita (current US$),554.4486334,550.3602417,579.8529205,620.3827587,709.9653061,832.8444886,921.4184439,1017.292001,1229.246843,1116.084594,1334.784845,1374.621285,1446.536354,1607.152365,1673.146354,1395.439633,1033.733043,882.3957585,968.1590476,
South Africa,ZAF,GDP per capita (current US$),3032.427138,2666.47491,2502.277005,3751.282813,4833.627517,5383.656543,5602.011044,6095.622439,5760.805287,5862.79734,7328.615629,8007.412846,7501.469984,6832.456891,6433.187277,5734.633629,5272.918425,6132.479841,6374.028196,6001.400814
Zambia,ZMB,GDP per capita (current US$),345.6895544,382.9411785,382.2421724,435.4580833,538.5915064,702.7409406,1047.919187,1124.290586,1394.000608,1159.907762,1489.459306,1672.908251,1763.072733,1878.907001,1763.057298,1337.79611,1280.578898,1534.865371,1556.334482,1291.343357
Zimbabwe,ZWE,GDP per capita (current US$),563.0577411,568.3859092,530.5305794,478.007405,482.9984113,476.5553236,447.8549242,431.7871883,356.6933497,771.5987859,948.3318545,1093.654002,1304.969802,1430.000818,1434.89934,1445.071062,1464.583529,1548.170056,1683.740577,1463.98591